-- seed:           0002
-- description:    50 complex multi-step workflow templates (4-stage approval/automation chains)
--                  covering procurement, field service, IT/security, finance, and customer domains
-- depends_on:      migration 0004 (job scheduler & workflow automation system)
-- usage:           psql -f database/seeds/0002_complex_workflow_templates.sql
--                  Idempotent: safe to re-run (ON CONFLICT DO NOTHING on all inserts).

-- ============================================================
-- 0. Default organization (required FK target for workflows.org_id)
-- ============================================================

INSERT INTO organizations (id, name) VALUES
    (1, 'Default Organization')
ON CONFLICT (id) DO NOTHING;

-- ============================================================
-- 1. Workflows (50 templates, 4-stage approval/automation chains)
-- ============================================================

INSERT INTO workflows (id, org_id, name, status) VALUES
    (91001, 1, 'Vendor Onboarding Approval Chain', 'active'),
    (91002, 1, 'New Supplier Risk Assessment', 'active'),
    (91003, 1, 'Purchase Order Approval Chain', 'active'),
    (91004, 1, 'Contract Renewal Approval', 'active'),
    (91005, 1, 'Contract Termination Approval', 'active'),
    (91006, 1, 'Invoice Approval & Payment Release', 'active'),
    (91007, 1, 'Budget Exception Approval', 'active'),
    (91008, 1, 'Request for Quote Approval', 'active'),
    (91009, 1, 'Vendor Offboarding Process', 'active'),
    (91010, 1, 'Sole-Source Justification Approval', 'active'),
    (91011, 1, 'Work Order Dispatch Approval', 'active'),
    (91012, 1, 'Field Technician Onboarding', 'active'),
    (91013, 1, 'Equipment Maintenance Escalation', 'active'),
    (91014, 1, 'Service Appointment Reschedule Approval', 'active'),
    (91015, 1, 'Warranty Claim Approval', 'active'),
    (91016, 1, 'Asset Retirement Approval', 'active'),
    (91017, 1, 'Territory Reassignment Approval', 'active'),
    (91018, 1, 'Emergency Dispatch Escalation', 'active'),
    (91019, 1, 'Preventive Maintenance Plan Approval', 'active'),
    (91020, 1, 'Service Contract Renewal Approval', 'active'),
    (91021, 1, 'New Employee IT Access Provisioning', 'active'),
    (91022, 1, 'Employee Offboarding Access Revocation', 'active'),
    (91023, 1, 'Security Incident Response Escalation', 'active'),
    (91024, 1, 'Data Access Request Approval', 'active'),
    (91025, 1, 'Third-Party Vendor Security Review', 'active'),
    (91026, 1, 'Change Management Approval', 'active'),
    (91027, 1, 'Production Deployment Approval', 'active'),
    (91028, 1, 'Compliance Audit Finding Remediation', 'active'),
    (91029, 1, 'Privileged Access Request Approval', 'active'),
    (91030, 1, 'Data Breach Notification Workflow', 'active'),
    (91031, 1, 'Expense Report Approval Chain', 'active'),
    (91032, 1, 'Employee Reimbursement Approval', 'active'),
    (91033, 1, 'New Hire Onboarding Workflow', 'active'),
    (91034, 1, 'Employee Termination Offboarding', 'active'),
    (91035, 1, 'Capital Expenditure Approval', 'active'),
    (91036, 1, 'Emergency Purchase Approval', 'active'),
    (91037, 1, 'Vendor Performance Escalation', 'active'),
    (91038, 1, 'Contract Amendment Approval', 'active'),
    (91039, 1, 'Master Service Agreement Approval', 'active'),
    (91040, 1, 'Spend Threshold Escalation', 'active'),
    (91041, 1, 'Customer Escalation Resolution', 'active'),
    (91042, 1, 'Customer Refund Approval', 'active'),
    (91043, 1, 'Enterprise Deal Discount Approval', 'active'),
    (91044, 1, 'Renewal At-Risk Escalation', 'active'),
    (91045, 1, 'Customer Contract Amendment Approval', 'active'),
    (91046, 1, 'Partner Agreement Approval', 'active'),
    (91047, 1, 'NDA Execution Workflow', 'active'),
    (91048, 1, 'Vendor Insurance Compliance Escalation', 'active'),
    (91049, 1, 'Supplier Diversity Compliance Review', 'active'),
    (91050, 1, 'Procurement Policy Exception Review', 'active')
ON CONFLICT (id) DO NOTHING;

-- ============================================================
-- 2. Workflow steps (4 sequential stages per workflow)
-- ============================================================

INSERT INTO workflow_steps (id, workflow_id, name, step_type, config) VALUES
    (92001, 91001, 'Request Submitted', 'start', '{"description": "Request Submitted stage of the Vendor Onboarding Approval Chain workflow"}'),
    (92002, 91001, 'Manager Approval', 'approval', '{"description": "Manager Approval stage of the Vendor Onboarding Approval Chain workflow"}'),
    (92003, 91001, 'Finance Approval', 'approval', '{"description": "Finance Approval stage of the Vendor Onboarding Approval Chain workflow"}'),
    (92004, 91001, 'Finalize & Notify', 'notification', '{"description": "Finalize & Notify stage of the Vendor Onboarding Approval Chain workflow"}'),
    (92005, 91002, 'Request Submitted', 'start', '{"description": "Request Submitted stage of the New Supplier Risk Assessment workflow"}'),
    (92006, 91002, 'Manager Approval', 'approval', '{"description": "Manager Approval stage of the New Supplier Risk Assessment workflow"}'),
    (92007, 91002, 'Finance Approval', 'approval', '{"description": "Finance Approval stage of the New Supplier Risk Assessment workflow"}'),
    (92008, 91002, 'Finalize & Notify', 'notification', '{"description": "Finalize & Notify stage of the New Supplier Risk Assessment workflow"}'),
    (92009, 91003, 'Request Submitted', 'start', '{"description": "Request Submitted stage of the Purchase Order Approval Chain workflow"}'),
    (92010, 91003, 'Manager Approval', 'approval', '{"description": "Manager Approval stage of the Purchase Order Approval Chain workflow"}'),
    (92011, 91003, 'Finance Approval', 'approval', '{"description": "Finance Approval stage of the Purchase Order Approval Chain workflow"}'),
    (92012, 91003, 'Finalize & Notify', 'notification', '{"description": "Finalize & Notify stage of the Purchase Order Approval Chain workflow"}'),
    (92013, 91004, 'Request Submitted', 'start', '{"description": "Request Submitted stage of the Contract Renewal Approval workflow"}'),
    (92014, 91004, 'Manager Approval', 'approval', '{"description": "Manager Approval stage of the Contract Renewal Approval workflow"}'),
    (92015, 91004, 'Finance Approval', 'approval', '{"description": "Finance Approval stage of the Contract Renewal Approval workflow"}'),
    (92016, 91004, 'Finalize & Notify', 'notification', '{"description": "Finalize & Notify stage of the Contract Renewal Approval workflow"}'),
    (92017, 91005, 'Request Submitted', 'start', '{"description": "Request Submitted stage of the Contract Termination Approval workflow"}'),
    (92018, 91005, 'Manager Approval', 'approval', '{"description": "Manager Approval stage of the Contract Termination Approval workflow"}'),
    (92019, 91005, 'Finance Approval', 'approval', '{"description": "Finance Approval stage of the Contract Termination Approval workflow"}'),
    (92020, 91005, 'Finalize & Notify', 'notification', '{"description": "Finalize & Notify stage of the Contract Termination Approval workflow"}'),
    (92021, 91006, 'Request Submitted', 'start', '{"description": "Request Submitted stage of the Invoice Approval & Payment Release workflow"}'),
    (92022, 91006, 'Manager Approval', 'approval', '{"description": "Manager Approval stage of the Invoice Approval & Payment Release workflow"}'),
    (92023, 91006, 'Finance Approval', 'approval', '{"description": "Finance Approval stage of the Invoice Approval & Payment Release workflow"}'),
    (92024, 91006, 'Finalize & Notify', 'notification', '{"description": "Finalize & Notify stage of the Invoice Approval & Payment Release workflow"}'),
    (92025, 91007, 'Request Submitted', 'start', '{"description": "Request Submitted stage of the Budget Exception Approval workflow"}'),
    (92026, 91007, 'Manager Approval', 'approval', '{"description": "Manager Approval stage of the Budget Exception Approval workflow"}'),
    (92027, 91007, 'Finance Approval', 'approval', '{"description": "Finance Approval stage of the Budget Exception Approval workflow"}'),
    (92028, 91007, 'Finalize & Notify', 'notification', '{"description": "Finalize & Notify stage of the Budget Exception Approval workflow"}'),
    (92029, 91008, 'Request Submitted', 'start', '{"description": "Request Submitted stage of the Request for Quote Approval workflow"}'),
    (92030, 91008, 'Manager Approval', 'approval', '{"description": "Manager Approval stage of the Request for Quote Approval workflow"}'),
    (92031, 91008, 'Finance Approval', 'approval', '{"description": "Finance Approval stage of the Request for Quote Approval workflow"}'),
    (92032, 91008, 'Finalize & Notify', 'notification', '{"description": "Finalize & Notify stage of the Request for Quote Approval workflow"}'),
    (92033, 91009, 'Request Submitted', 'start', '{"description": "Request Submitted stage of the Vendor Offboarding Process workflow"}'),
    (92034, 91009, 'Manager Approval', 'approval', '{"description": "Manager Approval stage of the Vendor Offboarding Process workflow"}'),
    (92035, 91009, 'Finance Approval', 'approval', '{"description": "Finance Approval stage of the Vendor Offboarding Process workflow"}'),
    (92036, 91009, 'Finalize & Notify', 'notification', '{"description": "Finalize & Notify stage of the Vendor Offboarding Process workflow"}'),
    (92037, 91010, 'Request Submitted', 'start', '{"description": "Request Submitted stage of the Sole-Source Justification Approval workflow"}'),
    (92038, 91010, 'Manager Approval', 'approval', '{"description": "Manager Approval stage of the Sole-Source Justification Approval workflow"}'),
    (92039, 91010, 'Finance Approval', 'approval', '{"description": "Finance Approval stage of the Sole-Source Justification Approval workflow"}'),
    (92040, 91010, 'Finalize & Notify', 'notification', '{"description": "Finalize & Notify stage of the Sole-Source Justification Approval workflow"}'),
    (92041, 91011, 'Request Submitted', 'start', '{"description": "Request Submitted stage of the Work Order Dispatch Approval workflow"}'),
    (92042, 91011, 'Supervisor Review', 'approval', '{"description": "Supervisor Review stage of the Work Order Dispatch Approval workflow"}'),
    (92043, 91011, 'Operations Approval', 'approval', '{"description": "Operations Approval stage of the Work Order Dispatch Approval workflow"}'),
    (92044, 91011, 'Finalize & Dispatch', 'notification', '{"description": "Finalize & Dispatch stage of the Work Order Dispatch Approval workflow"}'),
    (92045, 91012, 'Request Submitted', 'start', '{"description": "Request Submitted stage of the Field Technician Onboarding workflow"}'),
    (92046, 91012, 'Supervisor Review', 'approval', '{"description": "Supervisor Review stage of the Field Technician Onboarding workflow"}'),
    (92047, 91012, 'Operations Approval', 'approval', '{"description": "Operations Approval stage of the Field Technician Onboarding workflow"}'),
    (92048, 91012, 'Finalize & Dispatch', 'notification', '{"description": "Finalize & Dispatch stage of the Field Technician Onboarding workflow"}'),
    (92049, 91013, 'Request Submitted', 'start', '{"description": "Request Submitted stage of the Equipment Maintenance Escalation workflow"}'),
    (92050, 91013, 'Supervisor Review', 'approval', '{"description": "Supervisor Review stage of the Equipment Maintenance Escalation workflow"}'),
    (92051, 91013, 'Operations Approval', 'approval', '{"description": "Operations Approval stage of the Equipment Maintenance Escalation workflow"}'),
    (92052, 91013, 'Finalize & Dispatch', 'notification', '{"description": "Finalize & Dispatch stage of the Equipment Maintenance Escalation workflow"}'),
    (92053, 91014, 'Request Submitted', 'start', '{"description": "Request Submitted stage of the Service Appointment Reschedule Approval workflow"}'),
    (92054, 91014, 'Supervisor Review', 'approval', '{"description": "Supervisor Review stage of the Service Appointment Reschedule Approval workflow"}'),
    (92055, 91014, 'Operations Approval', 'approval', '{"description": "Operations Approval stage of the Service Appointment Reschedule Approval workflow"}'),
    (92056, 91014, 'Finalize & Dispatch', 'notification', '{"description": "Finalize & Dispatch stage of the Service Appointment Reschedule Approval workflow"}'),
    (92057, 91015, 'Request Submitted', 'start', '{"description": "Request Submitted stage of the Warranty Claim Approval workflow"}'),
    (92058, 91015, 'Supervisor Review', 'approval', '{"description": "Supervisor Review stage of the Warranty Claim Approval workflow"}'),
    (92059, 91015, 'Operations Approval', 'approval', '{"description": "Operations Approval stage of the Warranty Claim Approval workflow"}'),
    (92060, 91015, 'Finalize & Dispatch', 'notification', '{"description": "Finalize & Dispatch stage of the Warranty Claim Approval workflow"}'),
    (92061, 91016, 'Request Submitted', 'start', '{"description": "Request Submitted stage of the Asset Retirement Approval workflow"}'),
    (92062, 91016, 'Supervisor Review', 'approval', '{"description": "Supervisor Review stage of the Asset Retirement Approval workflow"}'),
    (92063, 91016, 'Operations Approval', 'approval', '{"description": "Operations Approval stage of the Asset Retirement Approval workflow"}'),
    (92064, 91016, 'Finalize & Dispatch', 'notification', '{"description": "Finalize & Dispatch stage of the Asset Retirement Approval workflow"}'),
    (92065, 91017, 'Request Submitted', 'start', '{"description": "Request Submitted stage of the Territory Reassignment Approval workflow"}'),
    (92066, 91017, 'Supervisor Review', 'approval', '{"description": "Supervisor Review stage of the Territory Reassignment Approval workflow"}'),
    (92067, 91017, 'Operations Approval', 'approval', '{"description": "Operations Approval stage of the Territory Reassignment Approval workflow"}'),
    (92068, 91017, 'Finalize & Dispatch', 'notification', '{"description": "Finalize & Dispatch stage of the Territory Reassignment Approval workflow"}'),
    (92069, 91018, 'Request Submitted', 'start', '{"description": "Request Submitted stage of the Emergency Dispatch Escalation workflow"}'),
    (92070, 91018, 'Supervisor Review', 'approval', '{"description": "Supervisor Review stage of the Emergency Dispatch Escalation workflow"}'),
    (92071, 91018, 'Operations Approval', 'approval', '{"description": "Operations Approval stage of the Emergency Dispatch Escalation workflow"}'),
    (92072, 91018, 'Finalize & Dispatch', 'notification', '{"description": "Finalize & Dispatch stage of the Emergency Dispatch Escalation workflow"}'),
    (92073, 91019, 'Request Submitted', 'start', '{"description": "Request Submitted stage of the Preventive Maintenance Plan Approval workflow"}'),
    (92074, 91019, 'Supervisor Review', 'approval', '{"description": "Supervisor Review stage of the Preventive Maintenance Plan Approval workflow"}'),
    (92075, 91019, 'Operations Approval', 'approval', '{"description": "Operations Approval stage of the Preventive Maintenance Plan Approval workflow"}'),
    (92076, 91019, 'Finalize & Dispatch', 'notification', '{"description": "Finalize & Dispatch stage of the Preventive Maintenance Plan Approval workflow"}'),
    (92077, 91020, 'Request Submitted', 'start', '{"description": "Request Submitted stage of the Service Contract Renewal Approval workflow"}'),
    (92078, 91020, 'Supervisor Review', 'approval', '{"description": "Supervisor Review stage of the Service Contract Renewal Approval workflow"}'),
    (92079, 91020, 'Operations Approval', 'approval', '{"description": "Operations Approval stage of the Service Contract Renewal Approval workflow"}'),
    (92080, 91020, 'Finalize & Dispatch', 'notification', '{"description": "Finalize & Dispatch stage of the Service Contract Renewal Approval workflow"}'),
    (92081, 91021, 'Request Submitted', 'start', '{"description": "Request Submitted stage of the New Employee IT Access Provisioning workflow"}'),
    (92082, 91021, 'Security Review', 'approval', '{"description": "Security Review stage of the New Employee IT Access Provisioning workflow"}'),
    (92083, 91021, 'IT Approval', 'approval', '{"description": "IT Approval stage of the New Employee IT Access Provisioning workflow"}'),
    (92084, 91021, 'Finalize & Provision', 'notification', '{"description": "Finalize & Provision stage of the New Employee IT Access Provisioning workflow"}'),
    (92085, 91022, 'Request Submitted', 'start', '{"description": "Request Submitted stage of the Employee Offboarding Access Revocation workflow"}'),
    (92086, 91022, 'Security Review', 'approval', '{"description": "Security Review stage of the Employee Offboarding Access Revocation workflow"}'),
    (92087, 91022, 'IT Approval', 'approval', '{"description": "IT Approval stage of the Employee Offboarding Access Revocation workflow"}'),
    (92088, 91022, 'Finalize & Provision', 'notification', '{"description": "Finalize & Provision stage of the Employee Offboarding Access Revocation workflow"}'),
    (92089, 91023, 'Request Submitted', 'start', '{"description": "Request Submitted stage of the Security Incident Response Escalation workflow"}'),
    (92090, 91023, 'Security Review', 'approval', '{"description": "Security Review stage of the Security Incident Response Escalation workflow"}'),
    (92091, 91023, 'IT Approval', 'approval', '{"description": "IT Approval stage of the Security Incident Response Escalation workflow"}'),
    (92092, 91023, 'Finalize & Provision', 'notification', '{"description": "Finalize & Provision stage of the Security Incident Response Escalation workflow"}'),
    (92093, 91024, 'Request Submitted', 'start', '{"description": "Request Submitted stage of the Data Access Request Approval workflow"}'),
    (92094, 91024, 'Security Review', 'approval', '{"description": "Security Review stage of the Data Access Request Approval workflow"}'),
    (92095, 91024, 'IT Approval', 'approval', '{"description": "IT Approval stage of the Data Access Request Approval workflow"}'),
    (92096, 91024, 'Finalize & Provision', 'notification', '{"description": "Finalize & Provision stage of the Data Access Request Approval workflow"}'),
    (92097, 91025, 'Request Submitted', 'start', '{"description": "Request Submitted stage of the Third-Party Vendor Security Review workflow"}'),
    (92098, 91025, 'Security Review', 'approval', '{"description": "Security Review stage of the Third-Party Vendor Security Review workflow"}'),
    (92099, 91025, 'IT Approval', 'approval', '{"description": "IT Approval stage of the Third-Party Vendor Security Review workflow"}'),
    (92100, 91025, 'Finalize & Provision', 'notification', '{"description": "Finalize & Provision stage of the Third-Party Vendor Security Review workflow"}'),
    (92101, 91026, 'Request Submitted', 'start', '{"description": "Request Submitted stage of the Change Management Approval workflow"}'),
    (92102, 91026, 'Security Review', 'approval', '{"description": "Security Review stage of the Change Management Approval workflow"}'),
    (92103, 91026, 'IT Approval', 'approval', '{"description": "IT Approval stage of the Change Management Approval workflow"}'),
    (92104, 91026, 'Finalize & Provision', 'notification', '{"description": "Finalize & Provision stage of the Change Management Approval workflow"}'),
    (92105, 91027, 'Request Submitted', 'start', '{"description": "Request Submitted stage of the Production Deployment Approval workflow"}'),
    (92106, 91027, 'Security Review', 'approval', '{"description": "Security Review stage of the Production Deployment Approval workflow"}'),
    (92107, 91027, 'IT Approval', 'approval', '{"description": "IT Approval stage of the Production Deployment Approval workflow"}'),
    (92108, 91027, 'Finalize & Provision', 'notification', '{"description": "Finalize & Provision stage of the Production Deployment Approval workflow"}'),
    (92109, 91028, 'Request Submitted', 'start', '{"description": "Request Submitted stage of the Compliance Audit Finding Remediation workflow"}'),
    (92110, 91028, 'Security Review', 'approval', '{"description": "Security Review stage of the Compliance Audit Finding Remediation workflow"}'),
    (92111, 91028, 'IT Approval', 'approval', '{"description": "IT Approval stage of the Compliance Audit Finding Remediation workflow"}'),
    (92112, 91028, 'Finalize & Provision', 'notification', '{"description": "Finalize & Provision stage of the Compliance Audit Finding Remediation workflow"}'),
    (92113, 91029, 'Request Submitted', 'start', '{"description": "Request Submitted stage of the Privileged Access Request Approval workflow"}'),
    (92114, 91029, 'Security Review', 'approval', '{"description": "Security Review stage of the Privileged Access Request Approval workflow"}'),
    (92115, 91029, 'IT Approval', 'approval', '{"description": "IT Approval stage of the Privileged Access Request Approval workflow"}'),
    (92116, 91029, 'Finalize & Provision', 'notification', '{"description": "Finalize & Provision stage of the Privileged Access Request Approval workflow"}'),
    (92117, 91030, 'Request Submitted', 'start', '{"description": "Request Submitted stage of the Data Breach Notification Workflow workflow"}'),
    (92118, 91030, 'Security Review', 'approval', '{"description": "Security Review stage of the Data Breach Notification Workflow workflow"}'),
    (92119, 91030, 'IT Approval', 'approval', '{"description": "IT Approval stage of the Data Breach Notification Workflow workflow"}'),
    (92120, 91030, 'Finalize & Provision', 'notification', '{"description": "Finalize & Provision stage of the Data Breach Notification Workflow workflow"}'),
    (92121, 91031, 'Request Submitted', 'start', '{"description": "Request Submitted stage of the Expense Report Approval Chain workflow"}'),
    (92122, 91031, 'Manager Approval', 'approval', '{"description": "Manager Approval stage of the Expense Report Approval Chain workflow"}'),
    (92123, 91031, 'HR/Finance Review', 'approval', '{"description": "HR/Finance Review stage of the Expense Report Approval Chain workflow"}'),
    (92124, 91031, 'Finalize & Close', 'notification', '{"description": "Finalize & Close stage of the Expense Report Approval Chain workflow"}'),
    (92125, 91032, 'Request Submitted', 'start', '{"description": "Request Submitted stage of the Employee Reimbursement Approval workflow"}'),
    (92126, 91032, 'Manager Approval', 'approval', '{"description": "Manager Approval stage of the Employee Reimbursement Approval workflow"}'),
    (92127, 91032, 'HR/Finance Review', 'approval', '{"description": "HR/Finance Review stage of the Employee Reimbursement Approval workflow"}'),
    (92128, 91032, 'Finalize & Close', 'notification', '{"description": "Finalize & Close stage of the Employee Reimbursement Approval workflow"}'),
    (92129, 91033, 'Request Submitted', 'start', '{"description": "Request Submitted stage of the New Hire Onboarding Workflow workflow"}'),
    (92130, 91033, 'Manager Approval', 'approval', '{"description": "Manager Approval stage of the New Hire Onboarding Workflow workflow"}'),
    (92131, 91033, 'HR/Finance Review', 'approval', '{"description": "HR/Finance Review stage of the New Hire Onboarding Workflow workflow"}'),
    (92132, 91033, 'Finalize & Close', 'notification', '{"description": "Finalize & Close stage of the New Hire Onboarding Workflow workflow"}'),
    (92133, 91034, 'Request Submitted', 'start', '{"description": "Request Submitted stage of the Employee Termination Offboarding workflow"}'),
    (92134, 91034, 'Manager Approval', 'approval', '{"description": "Manager Approval stage of the Employee Termination Offboarding workflow"}'),
    (92135, 91034, 'HR/Finance Review', 'approval', '{"description": "HR/Finance Review stage of the Employee Termination Offboarding workflow"}'),
    (92136, 91034, 'Finalize & Close', 'notification', '{"description": "Finalize & Close stage of the Employee Termination Offboarding workflow"}'),
    (92137, 91035, 'Request Submitted', 'start', '{"description": "Request Submitted stage of the Capital Expenditure Approval workflow"}'),
    (92138, 91035, 'Manager Approval', 'approval', '{"description": "Manager Approval stage of the Capital Expenditure Approval workflow"}'),
    (92139, 91035, 'HR/Finance Review', 'approval', '{"description": "HR/Finance Review stage of the Capital Expenditure Approval workflow"}'),
    (92140, 91035, 'Finalize & Close', 'notification', '{"description": "Finalize & Close stage of the Capital Expenditure Approval workflow"}'),
    (92141, 91036, 'Request Submitted', 'start', '{"description": "Request Submitted stage of the Emergency Purchase Approval workflow"}'),
    (92142, 91036, 'Manager Approval', 'approval', '{"description": "Manager Approval stage of the Emergency Purchase Approval workflow"}'),
    (92143, 91036, 'HR/Finance Review', 'approval', '{"description": "HR/Finance Review stage of the Emergency Purchase Approval workflow"}'),
    (92144, 91036, 'Finalize & Close', 'notification', '{"description": "Finalize & Close stage of the Emergency Purchase Approval workflow"}'),
    (92145, 91037, 'Request Submitted', 'start', '{"description": "Request Submitted stage of the Vendor Performance Escalation workflow"}'),
    (92146, 91037, 'Manager Approval', 'approval', '{"description": "Manager Approval stage of the Vendor Performance Escalation workflow"}'),
    (92147, 91037, 'HR/Finance Review', 'approval', '{"description": "HR/Finance Review stage of the Vendor Performance Escalation workflow"}'),
    (92148, 91037, 'Finalize & Close', 'notification', '{"description": "Finalize & Close stage of the Vendor Performance Escalation workflow"}'),
    (92149, 91038, 'Request Submitted', 'start', '{"description": "Request Submitted stage of the Contract Amendment Approval workflow"}'),
    (92150, 91038, 'Manager Approval', 'approval', '{"description": "Manager Approval stage of the Contract Amendment Approval workflow"}'),
    (92151, 91038, 'HR/Finance Review', 'approval', '{"description": "HR/Finance Review stage of the Contract Amendment Approval workflow"}'),
    (92152, 91038, 'Finalize & Close', 'notification', '{"description": "Finalize & Close stage of the Contract Amendment Approval workflow"}'),
    (92153, 91039, 'Request Submitted', 'start', '{"description": "Request Submitted stage of the Master Service Agreement Approval workflow"}'),
    (92154, 91039, 'Manager Approval', 'approval', '{"description": "Manager Approval stage of the Master Service Agreement Approval workflow"}'),
    (92155, 91039, 'HR/Finance Review', 'approval', '{"description": "HR/Finance Review stage of the Master Service Agreement Approval workflow"}'),
    (92156, 91039, 'Finalize & Close', 'notification', '{"description": "Finalize & Close stage of the Master Service Agreement Approval workflow"}'),
    (92157, 91040, 'Request Submitted', 'start', '{"description": "Request Submitted stage of the Spend Threshold Escalation workflow"}'),
    (92158, 91040, 'Manager Approval', 'approval', '{"description": "Manager Approval stage of the Spend Threshold Escalation workflow"}'),
    (92159, 91040, 'HR/Finance Review', 'approval', '{"description": "HR/Finance Review stage of the Spend Threshold Escalation workflow"}'),
    (92160, 91040, 'Finalize & Close', 'notification', '{"description": "Finalize & Close stage of the Spend Threshold Escalation workflow"}'),
    (92161, 91041, 'Request Submitted', 'start', '{"description": "Request Submitted stage of the Customer Escalation Resolution workflow"}'),
    (92162, 91041, 'Account Manager Review', 'approval', '{"description": "Account Manager Review stage of the Customer Escalation Resolution workflow"}'),
    (92163, 91041, 'Leadership Approval', 'approval', '{"description": "Leadership Approval stage of the Customer Escalation Resolution workflow"}'),
    (92164, 91041, 'Finalize & Notify Customer', 'notification', '{"description": "Finalize & Notify Customer stage of the Customer Escalation Resolution workflow"}'),
    (92165, 91042, 'Request Submitted', 'start', '{"description": "Request Submitted stage of the Customer Refund Approval workflow"}'),
    (92166, 91042, 'Account Manager Review', 'approval', '{"description": "Account Manager Review stage of the Customer Refund Approval workflow"}'),
    (92167, 91042, 'Leadership Approval', 'approval', '{"description": "Leadership Approval stage of the Customer Refund Approval workflow"}'),
    (92168, 91042, 'Finalize & Notify Customer', 'notification', '{"description": "Finalize & Notify Customer stage of the Customer Refund Approval workflow"}'),
    (92169, 91043, 'Request Submitted', 'start', '{"description": "Request Submitted stage of the Enterprise Deal Discount Approval workflow"}'),
    (92170, 91043, 'Account Manager Review', 'approval', '{"description": "Account Manager Review stage of the Enterprise Deal Discount Approval workflow"}'),
    (92171, 91043, 'Leadership Approval', 'approval', '{"description": "Leadership Approval stage of the Enterprise Deal Discount Approval workflow"}'),
    (92172, 91043, 'Finalize & Notify Customer', 'notification', '{"description": "Finalize & Notify Customer stage of the Enterprise Deal Discount Approval workflow"}'),
    (92173, 91044, 'Request Submitted', 'start', '{"description": "Request Submitted stage of the Renewal At-Risk Escalation workflow"}'),
    (92174, 91044, 'Account Manager Review', 'approval', '{"description": "Account Manager Review stage of the Renewal At-Risk Escalation workflow"}'),
    (92175, 91044, 'Leadership Approval', 'approval', '{"description": "Leadership Approval stage of the Renewal At-Risk Escalation workflow"}'),
    (92176, 91044, 'Finalize & Notify Customer', 'notification', '{"description": "Finalize & Notify Customer stage of the Renewal At-Risk Escalation workflow"}'),
    (92177, 91045, 'Request Submitted', 'start', '{"description": "Request Submitted stage of the Customer Contract Amendment Approval workflow"}'),
    (92178, 91045, 'Account Manager Review', 'approval', '{"description": "Account Manager Review stage of the Customer Contract Amendment Approval workflow"}'),
    (92179, 91045, 'Leadership Approval', 'approval', '{"description": "Leadership Approval stage of the Customer Contract Amendment Approval workflow"}'),
    (92180, 91045, 'Finalize & Notify Customer', 'notification', '{"description": "Finalize & Notify Customer stage of the Customer Contract Amendment Approval workflow"}'),
    (92181, 91046, 'Request Submitted', 'start', '{"description": "Request Submitted stage of the Partner Agreement Approval workflow"}'),
    (92182, 91046, 'Account Manager Review', 'approval', '{"description": "Account Manager Review stage of the Partner Agreement Approval workflow"}'),
    (92183, 91046, 'Leadership Approval', 'approval', '{"description": "Leadership Approval stage of the Partner Agreement Approval workflow"}'),
    (92184, 91046, 'Finalize & Notify Customer', 'notification', '{"description": "Finalize & Notify Customer stage of the Partner Agreement Approval workflow"}'),
    (92185, 91047, 'Request Submitted', 'start', '{"description": "Request Submitted stage of the NDA Execution Workflow workflow"}'),
    (92186, 91047, 'Account Manager Review', 'approval', '{"description": "Account Manager Review stage of the NDA Execution Workflow workflow"}'),
    (92187, 91047, 'Leadership Approval', 'approval', '{"description": "Leadership Approval stage of the NDA Execution Workflow workflow"}'),
    (92188, 91047, 'Finalize & Notify Customer', 'notification', '{"description": "Finalize & Notify Customer stage of the NDA Execution Workflow workflow"}'),
    (92189, 91048, 'Request Submitted', 'start', '{"description": "Request Submitted stage of the Vendor Insurance Compliance Escalation workflow"}'),
    (92190, 91048, 'Account Manager Review', 'approval', '{"description": "Account Manager Review stage of the Vendor Insurance Compliance Escalation workflow"}'),
    (92191, 91048, 'Leadership Approval', 'approval', '{"description": "Leadership Approval stage of the Vendor Insurance Compliance Escalation workflow"}'),
    (92192, 91048, 'Finalize & Notify Customer', 'notification', '{"description": "Finalize & Notify Customer stage of the Vendor Insurance Compliance Escalation workflow"}'),
    (92193, 91049, 'Request Submitted', 'start', '{"description": "Request Submitted stage of the Supplier Diversity Compliance Review workflow"}'),
    (92194, 91049, 'Account Manager Review', 'approval', '{"description": "Account Manager Review stage of the Supplier Diversity Compliance Review workflow"}'),
    (92195, 91049, 'Leadership Approval', 'approval', '{"description": "Leadership Approval stage of the Supplier Diversity Compliance Review workflow"}'),
    (92196, 91049, 'Finalize & Notify Customer', 'notification', '{"description": "Finalize & Notify Customer stage of the Supplier Diversity Compliance Review workflow"}'),
    (92197, 91050, 'Request Submitted', 'start', '{"description": "Request Submitted stage of the Procurement Policy Exception Review workflow"}'),
    (92198, 91050, 'Account Manager Review', 'approval', '{"description": "Account Manager Review stage of the Procurement Policy Exception Review workflow"}'),
    (92199, 91050, 'Leadership Approval', 'approval', '{"description": "Leadership Approval stage of the Procurement Policy Exception Review workflow"}'),
    (92200, 91050, 'Finalize & Notify Customer', 'notification', '{"description": "Finalize & Notify Customer stage of the Procurement Policy Exception Review workflow"}')
ON CONFLICT (id) DO NOTHING;

-- ============================================================
-- 3. Workflow edges (linear chain: step1 -> step2 -> step3 -> step4)
-- ============================================================

INSERT INTO workflow_edges (id, workflow_id, from_step_id, to_step_id, condition) VALUES
    (93001, 91001, 92001, 92002, '{}'),
    (93002, 91001, 92002, 92003, '{}'),
    (93003, 91001, 92003, 92004, '{}'),
    (93004, 91002, 92005, 92006, '{}'),
    (93005, 91002, 92006, 92007, '{}'),
    (93006, 91002, 92007, 92008, '{}'),
    (93007, 91003, 92009, 92010, '{}'),
    (93008, 91003, 92010, 92011, '{}'),
    (93009, 91003, 92011, 92012, '{}'),
    (93010, 91004, 92013, 92014, '{}'),
    (93011, 91004, 92014, 92015, '{}'),
    (93012, 91004, 92015, 92016, '{}'),
    (93013, 91005, 92017, 92018, '{}'),
    (93014, 91005, 92018, 92019, '{}'),
    (93015, 91005, 92019, 92020, '{}'),
    (93016, 91006, 92021, 92022, '{}'),
    (93017, 91006, 92022, 92023, '{}'),
    (93018, 91006, 92023, 92024, '{}'),
    (93019, 91007, 92025, 92026, '{}'),
    (93020, 91007, 92026, 92027, '{}'),
    (93021, 91007, 92027, 92028, '{}'),
    (93022, 91008, 92029, 92030, '{}'),
    (93023, 91008, 92030, 92031, '{}'),
    (93024, 91008, 92031, 92032, '{}'),
    (93025, 91009, 92033, 92034, '{}'),
    (93026, 91009, 92034, 92035, '{}'),
    (93027, 91009, 92035, 92036, '{}'),
    (93028, 91010, 92037, 92038, '{}'),
    (93029, 91010, 92038, 92039, '{}'),
    (93030, 91010, 92039, 92040, '{}'),
    (93031, 91011, 92041, 92042, '{}'),
    (93032, 91011, 92042, 92043, '{}'),
    (93033, 91011, 92043, 92044, '{}'),
    (93034, 91012, 92045, 92046, '{}'),
    (93035, 91012, 92046, 92047, '{}'),
    (93036, 91012, 92047, 92048, '{}'),
    (93037, 91013, 92049, 92050, '{}'),
    (93038, 91013, 92050, 92051, '{}'),
    (93039, 91013, 92051, 92052, '{}'),
    (93040, 91014, 92053, 92054, '{}'),
    (93041, 91014, 92054, 92055, '{}'),
    (93042, 91014, 92055, 92056, '{}'),
    (93043, 91015, 92057, 92058, '{}'),
    (93044, 91015, 92058, 92059, '{}'),
    (93045, 91015, 92059, 92060, '{}'),
    (93046, 91016, 92061, 92062, '{}'),
    (93047, 91016, 92062, 92063, '{}'),
    (93048, 91016, 92063, 92064, '{}'),
    (93049, 91017, 92065, 92066, '{}'),
    (93050, 91017, 92066, 92067, '{}'),
    (93051, 91017, 92067, 92068, '{}'),
    (93052, 91018, 92069, 92070, '{}'),
    (93053, 91018, 92070, 92071, '{}'),
    (93054, 91018, 92071, 92072, '{}'),
    (93055, 91019, 92073, 92074, '{}'),
    (93056, 91019, 92074, 92075, '{}'),
    (93057, 91019, 92075, 92076, '{}'),
    (93058, 91020, 92077, 92078, '{}'),
    (93059, 91020, 92078, 92079, '{}'),
    (93060, 91020, 92079, 92080, '{}'),
    (93061, 91021, 92081, 92082, '{}'),
    (93062, 91021, 92082, 92083, '{}'),
    (93063, 91021, 92083, 92084, '{}'),
    (93064, 91022, 92085, 92086, '{}'),
    (93065, 91022, 92086, 92087, '{}'),
    (93066, 91022, 92087, 92088, '{}'),
    (93067, 91023, 92089, 92090, '{}'),
    (93068, 91023, 92090, 92091, '{}'),
    (93069, 91023, 92091, 92092, '{}'),
    (93070, 91024, 92093, 92094, '{}'),
    (93071, 91024, 92094, 92095, '{}'),
    (93072, 91024, 92095, 92096, '{}'),
    (93073, 91025, 92097, 92098, '{}'),
    (93074, 91025, 92098, 92099, '{}'),
    (93075, 91025, 92099, 92100, '{}'),
    (93076, 91026, 92101, 92102, '{}'),
    (93077, 91026, 92102, 92103, '{}'),
    (93078, 91026, 92103, 92104, '{}'),
    (93079, 91027, 92105, 92106, '{}'),
    (93080, 91027, 92106, 92107, '{}'),
    (93081, 91027, 92107, 92108, '{}'),
    (93082, 91028, 92109, 92110, '{}'),
    (93083, 91028, 92110, 92111, '{}'),
    (93084, 91028, 92111, 92112, '{}'),
    (93085, 91029, 92113, 92114, '{}'),
    (93086, 91029, 92114, 92115, '{}'),
    (93087, 91029, 92115, 92116, '{}'),
    (93088, 91030, 92117, 92118, '{}'),
    (93089, 91030, 92118, 92119, '{}'),
    (93090, 91030, 92119, 92120, '{}'),
    (93091, 91031, 92121, 92122, '{}'),
    (93092, 91031, 92122, 92123, '{}'),
    (93093, 91031, 92123, 92124, '{}'),
    (93094, 91032, 92125, 92126, '{}'),
    (93095, 91032, 92126, 92127, '{}'),
    (93096, 91032, 92127, 92128, '{}'),
    (93097, 91033, 92129, 92130, '{}'),
    (93098, 91033, 92130, 92131, '{}'),
    (93099, 91033, 92131, 92132, '{}'),
    (93100, 91034, 92133, 92134, '{}'),
    (93101, 91034, 92134, 92135, '{}'),
    (93102, 91034, 92135, 92136, '{}'),
    (93103, 91035, 92137, 92138, '{}'),
    (93104, 91035, 92138, 92139, '{}'),
    (93105, 91035, 92139, 92140, '{}'),
    (93106, 91036, 92141, 92142, '{}'),
    (93107, 91036, 92142, 92143, '{}'),
    (93108, 91036, 92143, 92144, '{}'),
    (93109, 91037, 92145, 92146, '{}'),
    (93110, 91037, 92146, 92147, '{}'),
    (93111, 91037, 92147, 92148, '{}'),
    (93112, 91038, 92149, 92150, '{}'),
    (93113, 91038, 92150, 92151, '{}'),
    (93114, 91038, 92151, 92152, '{}'),
    (93115, 91039, 92153, 92154, '{}'),
    (93116, 91039, 92154, 92155, '{}'),
    (93117, 91039, 92155, 92156, '{}'),
    (93118, 91040, 92157, 92158, '{}'),
    (93119, 91040, 92158, 92159, '{}'),
    (93120, 91040, 92159, 92160, '{}'),
    (93121, 91041, 92161, 92162, '{}'),
    (93122, 91041, 92162, 92163, '{}'),
    (93123, 91041, 92163, 92164, '{}'),
    (93124, 91042, 92165, 92166, '{}'),
    (93125, 91042, 92166, 92167, '{}'),
    (93126, 91042, 92167, 92168, '{}'),
    (93127, 91043, 92169, 92170, '{}'),
    (93128, 91043, 92170, 92171, '{}'),
    (93129, 91043, 92171, 92172, '{}'),
    (93130, 91044, 92173, 92174, '{}'),
    (93131, 91044, 92174, 92175, '{}'),
    (93132, 91044, 92175, 92176, '{}'),
    (93133, 91045, 92177, 92178, '{}'),
    (93134, 91045, 92178, 92179, '{}'),
    (93135, 91045, 92179, 92180, '{}'),
    (93136, 91046, 92181, 92182, '{}'),
    (93137, 91046, 92182, 92183, '{}'),
    (93138, 91046, 92183, 92184, '{}'),
    (93139, 91047, 92185, 92186, '{}'),
    (93140, 91047, 92186, 92187, '{}'),
    (93141, 91047, 92187, 92188, '{}'),
    (93142, 91048, 92189, 92190, '{}'),
    (93143, 91048, 92190, 92191, '{}'),
    (93144, 91048, 92191, 92192, '{}'),
    (93145, 91049, 92193, 92194, '{}'),
    (93146, 91049, 92194, 92195, '{}'),
    (93147, 91049, 92195, 92196, '{}'),
    (93148, 91050, 92197, 92198, '{}'),
    (93149, 91050, 92198, 92199, '{}'),
    (93150, 91050, 92199, 92200, '{}')
ON CONFLICT (id) DO NOTHING;

-- ============================================================
-- 4. Triggers (one event-driven trigger per workflow)
-- ============================================================

INSERT INTO triggers (id, workflow_id, trigger_type, config, is_active) VALUES
    (94001, 91001, 'event', '{"event": "vendor_onboarding_approval_chain.requested"}', true),
    (94002, 91002, 'event', '{"event": "new_supplier_risk_assessment.requested"}', true),
    (94003, 91003, 'event', '{"event": "purchase_order_approval_chain.requested"}', true),
    (94004, 91004, 'event', '{"event": "contract_renewal_approval.requested"}', true),
    (94005, 91005, 'event', '{"event": "contract_termination_approval.requested"}', true),
    (94006, 91006, 'event', '{"event": "invoice_approval_payment_release.requested"}', true),
    (94007, 91007, 'event', '{"event": "budget_exception_approval.requested"}', true),
    (94008, 91008, 'event', '{"event": "request_for_quote_approval.requested"}', true),
    (94009, 91009, 'event', '{"event": "vendor_offboarding_process.requested"}', true),
    (94010, 91010, 'event', '{"event": "sole_source_justification_approval.requested"}', true),
    (94011, 91011, 'event', '{"event": "work_order_dispatch_approval.requested"}', true),
    (94012, 91012, 'event', '{"event": "field_technician_onboarding.requested"}', true),
    (94013, 91013, 'event', '{"event": "equipment_maintenance_escalation.requested"}', true),
    (94014, 91014, 'event', '{"event": "service_appointment_reschedule_approval.requested"}', true),
    (94015, 91015, 'event', '{"event": "warranty_claim_approval.requested"}', true),
    (94016, 91016, 'event', '{"event": "asset_retirement_approval.requested"}', true),
    (94017, 91017, 'event', '{"event": "territory_reassignment_approval.requested"}', true),
    (94018, 91018, 'event', '{"event": "emergency_dispatch_escalation.requested"}', true),
    (94019, 91019, 'event', '{"event": "preventive_maintenance_plan_approval.requested"}', true),
    (94020, 91020, 'event', '{"event": "service_contract_renewal_approval.requested"}', true),
    (94021, 91021, 'event', '{"event": "new_employee_it_access_provisioning.requested"}', true),
    (94022, 91022, 'event', '{"event": "employee_offboarding_access_revocation.requested"}', true),
    (94023, 91023, 'event', '{"event": "security_incident_response_escalation.requested"}', true),
    (94024, 91024, 'event', '{"event": "data_access_request_approval.requested"}', true),
    (94025, 91025, 'event', '{"event": "third_party_vendor_security_review.requested"}', true),
    (94026, 91026, 'event', '{"event": "change_management_approval.requested"}', true),
    (94027, 91027, 'event', '{"event": "production_deployment_approval.requested"}', true),
    (94028, 91028, 'event', '{"event": "compliance_audit_finding_remediation.requested"}', true),
    (94029, 91029, 'event', '{"event": "privileged_access_request_approval.requested"}', true),
    (94030, 91030, 'event', '{"event": "data_breach_notification_workflow.requested"}', true),
    (94031, 91031, 'event', '{"event": "expense_report_approval_chain.requested"}', true),
    (94032, 91032, 'event', '{"event": "employee_reimbursement_approval.requested"}', true),
    (94033, 91033, 'event', '{"event": "new_hire_onboarding_workflow.requested"}', true),
    (94034, 91034, 'event', '{"event": "employee_termination_offboarding.requested"}', true),
    (94035, 91035, 'event', '{"event": "capital_expenditure_approval.requested"}', true),
    (94036, 91036, 'event', '{"event": "emergency_purchase_approval.requested"}', true),
    (94037, 91037, 'event', '{"event": "vendor_performance_escalation.requested"}', true),
    (94038, 91038, 'event', '{"event": "contract_amendment_approval.requested"}', true),
    (94039, 91039, 'event', '{"event": "master_service_agreement_approval.requested"}', true),
    (94040, 91040, 'event', '{"event": "spend_threshold_escalation.requested"}', true),
    (94041, 91041, 'event', '{"event": "customer_escalation_resolution.requested"}', true),
    (94042, 91042, 'event', '{"event": "customer_refund_approval.requested"}', true),
    (94043, 91043, 'event', '{"event": "enterprise_deal_discount_approval.requested"}', true),
    (94044, 91044, 'event', '{"event": "renewal_at_risk_escalation.requested"}', true),
    (94045, 91045, 'event', '{"event": "customer_contract_amendment_approval.requested"}', true),
    (94046, 91046, 'event', '{"event": "partner_agreement_approval.requested"}', true),
    (94047, 91047, 'event', '{"event": "nda_execution_workflow.requested"}', true),
    (94048, 91048, 'event', '{"event": "vendor_insurance_compliance_escalation.requested"}', true),
    (94049, 91049, 'event', '{"event": "supplier_diversity_compliance_review.requested"}', true),
    (94050, 91050, 'event', '{"event": "procurement_policy_exception_review.requested"}', true)
ON CONFLICT (id) DO NOTHING;
